package_id,board_point_x,board_point_y,width,height
/20210901_152837_step_20/package_0,0.6624228358268738,0.1509004384279251,0.6751543283462524,0.24004054069519043
/20210901_152837_step_20/package_20,0.4702904522418976,0.4267424941062927,0.4557364881038666,0.22155974805355072
/20210901_152837_step_20/package_40,0.4768652319908142,0.46394914388656616,0.5011356472969055,0.24861027300357819
/20210901_152837_step_20/package_60,0.4197227656841278,0.5108269453048706,0.6012896299362183,0.32617199420928955
/20210901_152837_step_20/package_80,0.367798775434494,0.49030500650405884,0.7159314155578613,0.2836284339427948
/20210901_152837_step_20/package_100,0.37007373571395874,0.511309802532196,0.7133139371871948,0.27932897210121155
/20210901_152837_step_20/package_120,0.40665116906166077,0.5430055260658264,0.7741544246673584,0.26595863699913025
/20210901_152837_step_20/package_140,0.42698630690574646,0.5583016276359558,0.8050329089164734,0.25778326392173767
/20210901_152837_step_20/package_160,0.7805709838867188,0.138790562748909,0.4380791187286377,0.2144552320241928
/20210901_152837_step_20/package_180,0.3674883246421814,0.5945951342582703,0.7291110754013062,0.30505508184432983
/20210901_152837_step_20/package_200,0.40922456979751587,0.5753359198570251,0.790581226348877,0.31330737471580505
/20210901_152837_step_20/package_220,0.250182181596756,0.12239568680524826,0.4759204089641571,0.19906139373779297
/20210901_152837_step_20/package_240,0.3634844720363617,0.6537586450576782,0.7269689440727234,0.2747827470302582
/20210901_152837_step_20/package_260,0.36942020058631897,0.6459367275238037,0.7388404011726379,0.26722094416618347
/20210901_152837_step_20/package_280,0.37356001138687134,0.6051405668258667,0.7471200227737427,0.25106337666511536
/20210901_152837_step_20/package_300,0.2483731359243393,0.13141188025474548,0.47923120856285095,0.20297656953334808
/20210901_152837_step_20/package_320,0.3636535704135895,0.5924403667449951,0.7141857743263245,0.2978802025318146
/20210901_152837_step_20/package_340,0.32223495841026306,0.8308840394020081,0.6444699168205261,0.22073663771152496
/20210901_152837_step_20/package_360,0.4057858884334564,0.5715246796607971,0.8037512302398682,0.3614717125892639
/20210901_152837_step_20/package_380,0.3750251531600952,0.596396803855896,0.7500503063201904,0.31433960795402527
/20210901_152837_step_20/package_400,0.4767148792743683,0.6199972629547119,0.792102038860321,0.2661761939525604
/20210901_152837_step_20/package_420,0.2498178631067276,0.10801652073860168,0.4980994164943695,0.19856557250022888
/20210901_152837_step_20/package_440,0.6415752172470093,0.8273070454597473,0.31172099709510803,0.16438280045986176
/20210901_152837_step_20/package_460,0.4295978844165802,0.6524324417114258,0.8591957688331604,0.4498925805091858
/20210901_152837_step_20/package_480,0.36752817034721375,0.6589409112930298,0.7308735251426697,0.3954555094242096
/20210901_152837_step_20/package_500,0.365843802690506,0.6628890633583069,0.731687605381012,0.3512773811817169
/20210901_152837_step_20/package_520,0.36754363775253296,0.6547307372093201,0.727486252784729,0.35708439350128174
/20210901_152837_step_20/package_540,0.4190661609172821,0.648052453994751,0.8011624217033386,0.35994523763656616
/20210901_152837_step_20/package_560,0.3668776750564575,0.6693239212036133,0.7157366275787354,0.33872073888778687
/20210901_152837_step_20/package_580,0.3735685646533966,0.6708869934082031,0.7247526049613953,0.31423842906951904
/20210901_152837_step_20/package_600,0.3676738739013672,0.6653808951377869,0.7193862199783325,0.3091249167919159
/20210901_152837_step_20/package_620,0.3486277759075165,0.6501379013061523,0.697255551815033,0.3392971158027649
/20210901_152837_step_20/package_640,0.3789568245410919,0.6254900693893433,0.7579136490821838,0.3730946183204651
/20210901_152837_step_20/package_660,0.3807617723941803,0.6229520440101624,0.7615235447883606,0.35692739486694336
/20210901_152837_step_20/package_680,0.422815203666687,0.5757284164428711,0.845630407333374,0.34431371092796326
/20210901_152837_step_20/package_700,0.37825456261634827,0.5768503546714783,0.7565091252326965,0.3669421970844269
/20210901_152837_step_20/package_720,0.3713364899158478,0.5723366141319275,0.7426729798316956,0.37831825017929077
/20210901_152837_step_20/package_740,0.4099346399307251,0.5643227100372314,0.795876145362854,0.3964185118675232
/20210901_152837_step_20/package_760,0.373066782951355,0.6225346326828003,0.74613356590271,0.3760196566581726
/20210901_152837_step_20/package_780,0.42787688970565796,0.5842679738998413,0.8557537794113159,0.3905331790447235
/20210901_152837_step_20/package_800,0.4167352318763733,0.5655324459075928,0.802851140499115,0.36381053924560547
/20210901_152837_step_20/package_820,0.391814261674881,0.5770267248153687,0.7664858102798462,0.3982030153274536
/20210901_152837_step_20/package_840,0.40622517466545105,0.6007999181747437,0.8075385689735413,0.4483124315738678
/20210901_152837_step_20/package_860,0.4089336395263672,0.6258005499839783,0.7841630578041077,0.4664211571216583
/20210901_152837_step_20/package_880,0.4339902698993683,0.5689572691917419,0.8679805397987366,0.37152159214019775
/20210901_152837_step_20/package_900,0.40029647946357727,0.5726891160011292,0.7803386449813843,0.49619853496551514
/20210901_152837_step_20/package_920,0.43717020750045776,0.6063979864120483,0.8743404150009155,0.38339048624038696
/20210901_152837_step_20/package_940,0.38280659914016724,0.5802565217018127,0.7656131982803345,0.342810720205307
/20210901_152837_step_20/package_960,0.38275715708732605,0.6297761797904968,0.7655143141746521,0.4227166473865509
/20210901_152837_step_20/package_980,0.3802770972251892,0.6245805621147156,0.7592796683311462,0.461251825094223
/20210901_152837_step_20/package_1000,0.39943328499794006,0.6038332581520081,0.7775923609733582,0.45501258969306946
/20210901_152837_step_20/package_1020,0.40422311425209045,0.6214557886123657,0.7848552465438843,0.4716742932796478
/20210901_152837_step_20/package_1040,0.4182016849517822,0.6160627007484436,0.8364033699035645,0.46425455808639526
/20210901_152837_step_20/package_1060,0.4293975532054901,0.6309360265731812,0.8587951064109802,0.41983625292778015
/20210901_152837_step_20/package_1080,0.42305171489715576,0.6018571257591248,0.8461034297943115,0.4009755551815033
/20210901_152837_step_20/package_1100,0.4240046441555023,0.5771723389625549,0.8480092883110046,0.40582001209259033
/20210901_152837_step_20/package_1120,0.4189521372318268,0.5944535732269287,0.8379042744636536,0.422996461391449
/20210901_152837_step_20/package_1140,0.4323139786720276,0.6059897541999817,0.8646279573440552,0.4261753261089325
/20210901_152837_step_20/package_1160,0.4388137757778168,0.6065092086791992,0.8776275515556335,0.40579214692115784
/20210901_152837_step_20/package_1180,0.44259917736053467,0.6164515018463135,0.8851983547210693,0.4271041750907898
/20210901_152837_step_20/package_1200,0.47095122933387756,0.5674890875816345,0.8549492359161377,0.408547580242157
/20210901_152837_step_20/package_1220,0.4691283702850342,0.623289942741394,0.8921775221824646,0.4867873191833496
/20210901_152837_step_20/package_1240,0.48010900616645813,0.6150549650192261,0.8906745314598083,0.4708823561668396
/20210901_152837_step_20/package_1260,0.4798678159713745,0.6114209294319153,0.9137269258499146,0.40585753321647644
/20210901_152837_step_20/package_1280,0.5712873935699463,0.6075912714004517,0.8574252128601074,0.4824828505516052
/20210901_152837_step_20/package_1300,0.47250884771347046,0.5678186416625977,0.9154211282730103,0.40346065163612366
/20210901_152837_step_20/package_1320,0.470192015171051,0.5448731184005737,0.866554856300354,0.36932000517845154
/20210901_152837_step_20/package_1340,0.5267388820648193,0.5615098476409912,0.9465222358703613,0.4272816479206085
/20210901_152837_step_20/package_1360,0.5283530354499817,0.548132598400116,0.9376761317253113,0.3791871964931488
/20210901_152837_step_20/package_1380,0.47511568665504456,0.5514238476753235,0.8887299299240112,0.4841212332248688
/20210901_152837_step_20/package_1400,0.5789501667022705,0.5601407289505005,0.842099666595459,0.49860021471977234
/20210901_152837_step_20/package_1420,0.5276228785514832,0.6212109923362732,0.9447542428970337,0.5217280983924866
/20210901_152837_step_20/package_1440,0.48176145553588867,0.6133264899253845,0.8973848819732666,0.46674010157585144
/20210901_152837_step_20/package_1460,0.5764926075935364,0.5551666021347046,0.8383504152297974,0.466092586517334
/20210901_152837_step_20/package_1480,0.5779223442077637,0.5762403011322021,0.8441553115844727,0.514751672744751
/20210901_152837_step_20/package_1500,0.5295404195785522,0.6237167119979858,0.9251587390899658,0.5579259991645813
/20210901_152837_step_20/package_1520,0.46832114458084106,0.614350438117981,0.9161317348480225,0.45629310607910156
/20210901_152837_step_20/package_1540,0.5681992173194885,0.619451642036438,0.8636016249656677,0.493442565202713
/20210901_152837_step_20/package_1560,0.569595456123352,0.6316633820533752,0.8608090281486511,0.5815410017967224
/20210901_152837_step_20/package_1580,0.5730355978012085,0.6532633304595947,0.8539287447929382,0.5877169370651245
/20210901_152837_step_20/package_1600,0.6168138980865479,0.648054301738739,0.7663722634315491,0.6906280517578125
/20210901_152837_step_20/package_1620,0.6183703541755676,0.6115439534187317,0.7532906532287598,0.6532020568847656
/20210901_152837_step_20/package_1640,0.6174754500389099,0.6459245085716248,0.7604358792304993,0.6956725716590881
/20210901_152837_step_20/package_1660,0.6180166006088257,0.6234871745109558,0.7639668583869934,0.6509056091308594
/20210901_152837_step_20/package_1680,0.5356144309043884,0.6195276975631714,0.881101131439209,0.6172146201133728
/20210901_152837_step_20/package_1700,0.6839929819107056,0.6012832522392273,0.6320139765739441,0.679374635219574
/20210901_152837_step_20/package_1720,0.24742692708969116,0.6310970187187195,0.47128817439079285,0.3575940728187561
/20210901_152837_step_20/package_1740,0.33411601185798645,0.5926157236099243,0.6682320237159729,0.43631511926651
/20210901_152837_step_20/package_1760,0.3707127571105957,0.5785667896270752,0.7414255142211914,0.3965469300746918
/20210901_152837_step_20/package_1780,0.3820013105869293,0.5686689019203186,0.7640026211738586,0.4305488169193268
/20210901_152837_step_20/package_1800,0.39776310324668884,0.6325036883354187,0.7914826273918152,0.4636326730251312
/20210901_152837_step_20/package_1820,0.41804248094558716,0.6396617889404297,0.8013001084327698,0.4657273292541504
/20210901_152837_step_20/package_1840,0.4345078468322754,0.6374677419662476,0.8132639527320862,0.41895824670791626
/20210901_152837_step_20/package_1860,0.4136602580547333,0.6385262608528137,0.8165854215621948,0.4177057147026062
/20210901_152837_step_20/package_1880,0.3513599932193756,0.6280383467674255,0.6713364124298096,0.4388614892959595
/20210901_152837_step_20/package_1900,0.4694555103778839,0.6141109466552734,0.8928627371788025,0.3851448595523834
/20210901_152837_step_20/package_1920,0.43806886672973633,0.6196213960647583,0.8761377334594727,0.4188985824584961
/20210901_152837_step_20/package_1940,0.48376232385635376,0.6238328218460083,0.8918971419334412,0.47816723585128784
/20210901_152837_step_20/package_1960,0.4502600431442261,0.6490849852561951,0.9005200862884521,0.3919311761856079
/20210901_152837_step_20/package_1980,0.4726056754589081,0.640123724937439,0.930085301399231,0.534508466720581
/20210901_152837_step_20/package_2000,0.47523120045661926,0.6401996612548828,0.9250050187110901,0.5149465799331665
/20210901_152837_step_20/package_2020,0.5257798433303833,0.6398066282272339,0.8957269191741943,0.5405670404434204
/20210901_152837_step_20/package_2040,0.5276812314987183,0.6200255751609802,0.8653920888900757,0.485601544380188
/20210901_152837_step_20/package_2060,0.5211033225059509,0.6303284764289856,0.9577934145927429,0.5131717324256897
/20210901_152837_step_20/package_2080,0.4371526539325714,0.6477166414260864,0.8743053078651428,0.3978891670703888
/20210901_152837_step_20/package_2100,0.5794668197631836,0.6313874125480652,0.8350417017936707,0.5723810791969299
/20210901_152837_step_20/package_2120,0.5571861863136292,0.6283706426620483,0.8856276869773865,0.5570780038833618
/20210901_152837_step_20/package_2140,0.6033561825752258,0.6215330958366394,0.7932876944541931,0.6043355464935303
/20210901_152837_step_20/package_2160,0.6123084425926208,0.6128888726234436,0.7689195871353149,0.6229467988014221
/20210901_152837_step_20/package_2180,0.6049966812133789,0.6241840124130249,0.7900067567825317,0.5864173173904419
/20210901_152837_step_20/package_2200,0.622870922088623,0.6435501575469971,0.7400062084197998,0.6365311741828918
/20210901_152837_step_20/package_2220,0.6102333068847656,0.6295889616012573,0.7795334458351135,0.521844744682312
/20210901_152837_step_20/package_2240,0.6157792210578918,0.6334575414657593,0.7666354179382324,0.6543761491775513
/20210901_152837_step_20/package_2260,0.6622368693351746,0.6069355010986328,0.6739668846130371,0.6338059902191162
/20210901_152837_step_20/package_2280,0.6251154541969299,0.6103429198265076,0.7450361251831055,0.600516140460968
/20210901_152837_step_20/package_2300,0.648698627948761,0.6100720763206482,0.6804224848747253,0.6058104634284973
/20210901_152837_step_20/package_2320,0.6363661885261536,0.6316429972648621,0.7193099856376648,0.6146860718727112
/20210901_152837_step_20/package_2340,0.620949387550354,0.6442315578460693,0.7496364712715149,0.6361585259437561
/20210901_152837_step_20/package_2360,0.6367657780647278,0.6532066464424133,0.7264685034751892,0.6477537155151367
/20210901_152837_step_20/package_2380,0.5732073783874512,0.7070629000663757,0.8535852432250977,0.4983016550540924
/20210901_152837_step_20/package_2400,0.38664504885673523,0.6770917177200317,0.7732900977134705,0.528867781162262
/20210901_152837_step_20/package_2420,0.37820965051651,0.6897193193435669,0.75641930103302,0.5051066279411316
/20210901_152837_step_20/package_2440,0.5648611187934875,0.659872829914093,0.8702777624130249,0.5108945369720459
/20210901_152837_step_20/package_2460,0.32677385210990906,0.7189766764640808,0.6535477042198181,0.48804613947868347
/20210901_152837_step_20/package_2480,0.7779091000556946,0.21486514806747437,0.4201318025588989,0.19755834341049194
/20210929_092132_step_20/package_0,0.30245059728622437,0.24150976538658142,0.6049011945724487,0.4152788519859314
/20210929_092132_step_20/package_20,0.27721989154815674,0.2480384260416031,0.5544397830963135,0.40201669931411743
/20210929_092132_step_20/package_40,0.265471488237381,0.2457638680934906,0.530942976474762,0.3913281261920929
/20210929_092132_step_20/package_60,0.27287423610687256,0.24506089091300964,0.5457484722137451,0.3998009264469147
/20210929_092132_step_20/package_80,0.29108133912086487,0.24833625555038452,0.5779646635055542,0.4234718382358551
/20210929_092132_step_20/package_100,0.3156774342060089,0.24863936007022858,0.6313548684120178,0.4452682435512543
/20210929_092132_step_20/package_120,0.3640618324279785,0.2554328143596649,0.7103894948959351,0.4569258391857147
/20210929_092132_step_20/package_140,0.4314676821231842,0.27732232213020325,0.8525992631912231,0.43320801854133606
/20210929_092132_step_20/package_160,0.5652562379837036,0.2942814826965332,0.8636631965637207,0.40217652916908264
/20210929_092132_step_20/package_180,0.6017939448356628,0.29270139336586,0.7879265546798706,0.4441709518432617
/20210929_092132_step_20/package_200,0.6223107576370239,0.29510194063186646,0.753923237323761,0.4505096971988678
/20210929_092132_step_20/package_220,0.642789363861084,0.29055505990982056,0.7144213318824768,0.4391498863697052
/20210929_092132_step_20/package_240,0.6358628869056702,0.28760626912117004,0.7282742857933044,0.4448860287666321
/20210929_092132_step_20/package_260,0.6268573999404907,0.2899349331855774,0.7309699058532715,0.4423869848251343
/20210929_092132_step_20/package_280,0.6189998984336853,0.28300005197525024,0.7579237222671509,0.45716622471809387
/20210929_092132_step_20/package_300,0.6058377027511597,0.2925195097923279,0.7775792479515076,0.44049179553985596
/20210929_092132_step_20/package_320,0.602790355682373,0.29297763109207153,0.7867355942726135,0.45113998651504517
/20210929_092132_step_20/package_340,0.605744481086731,0.28964942693710327,0.7718815207481384,0.4553142786026001
/20210929_092132_step_20/package_360,0.607475757598877,0.28615280985832214,0.7672283053398132,0.45249271392822266
/20210929_092132_step_20/package_380,0.603297233581543,0.2861407399177551,0.7750965356826782,0.455849289894104
/20210929_092132_step_20/package_400,0.606351375579834,0.2893841862678528,0.7818091511726379,0.46879374980926514
/20210929_092132_step_20/package_420,0.5841002464294434,0.28768667578697205,0.8317995667457581,0.43153008818626404
/20210929_092132_step_20/package_440,0.5788536071777344,0.2829619348049164,0.7969328761100769,0.4486963152885437
/20210929_092132_step_20/package_460,0.5685094594955444,0.28178128600120544,0.8629811406135559,0.4112149477005005
/20210929_092132_step_20/package_480,0.5711939930915833,0.2876267731189728,0.8576120138168335,0.4161258637905121
/20210929_092132_step_20/package_500,0.5851990580558777,0.2894693911075592,0.7961782217025757,0.44818878173828125
/20210929_092132_step_20/package_520,0.5840731859207153,0.29835668206214905,0.8014877438545227,0.4591026306152344
/20210929_092132_step_20/package_540,0.5871610641479492,0.2980910837650299,0.8104472160339355,0.44746699929237366
/20210929_092132_step_20/package_560,0.5720022916793823,0.28792473673820496,0.801074206829071,0.4479154348373413
/20210929_092132_step_20/package_580,0.5736294984817505,0.2961723208427429,0.7886092662811279,0.4657292068004608
/20210929_092132_step_20/package_600,0.5855757594108582,0.28564170002937317,0.8288484811782837,0.44376784563064575
/20210929_092132_step_20/package_620,0.6057337522506714,0.2852908670902252,0.7750497460365295,0.4730667769908905
/20210929_092132_step_20/package_640,0.6066306233406067,0.29815882444381714,0.7666726112365723,0.4383334815502167
/20210929_092132_step_20/package_660,0.6024661064147949,0.2782438099384308,0.7857562899589539,0.4410109221935272
/20210929_092132_step_20/package_680,0.5869985818862915,0.2675706446170807,0.8260027766227722,0.39653345942497253
/20210929_092132_step_20/package_700,0.6066313982009888,0.276780903339386,0.7787556052207947,0.4283725619316101
/20210929_092132_step_20/package_720,0.6098386645317078,0.2589606046676636,0.7797375917434692,0.43461379408836365
/20210929_092132_step_20/package_740,0.6110211610794067,0.2566003203392029,0.775587260723114,0.424459308385849
/20210929_092132_step_20/package_760,0.5786693096160889,0.26909229159355164,0.8161004185676575,0.3880317807197571
/20210929_092132_step_20/package_780,0.4616829752922058,0.2238500863313675,0.8394108414649963,0.3680853545665741
/20210929_092132_step_20/package_800,0.47506874799728394,0.2222348153591156,0.9377992153167725,0.34008413553237915
/20210929_092132_step_20/package_820,0.5171509981155396,0.2314862161874771,0.8238117098808289,0.3607850670814514
/20210929_092132_step_20/package_840,0.5224779844284058,0.255153626203537,0.8113669753074646,0.366609662771225
/20210929_092132_step_20/package_860,0.5109385251998901,0.22603753209114075,0.8299920558929443,0.3650204837322235
/20210929_092132_step_20/package_880,0.5126355290412903,0.23466892540454865,0.8179486989974976,0.35002002120018005
/20210929_092132_step_20/package_900,0.5124197006225586,0.26662614941596985,0.8067232966423035,0.33466634154319763
/20210929_092132_step_20/package_920,0.5131584405899048,0.25695064663887024,0.8114165663719177,0.3505021929740906
/20210929_092132_step_20/package_940,0.5202432870864868,0.26461178064346313,0.8047062158584595,0.33754685521125793
/20210929_092132_step_20/package_960,0.48502230644226074,0.25157684087753296,0.8887450695037842,0.3302299380302429
/20210929_092132_step_20/package_980,0.5150895118713379,0.2703324556350708,0.8253874778747559,0.3442583382129669
/20210929_092132_step_20/package_1000,0.4838043451309204,0.26783740520477295,0.8961516618728638,0.3660525977611542
/20210929_092132_step_20/package_1020,0.5137262940406799,0.2865038216114044,0.820544421672821,0.39354291558265686
/20210929_092132_step_20/package_1040,0.5115681886672974,0.27678796648979187,0.8225464820861816,0.40992799401283264
/20210929_092132_step_20/package_1060,0.5292078256607056,0.2726271450519562,0.8057531118392944,0.3971274197101593
/20210929_092132_step_20/package_1080,0.5185691714286804,0.2770049273967743,0.8154944777488708,0.39359939098358154
/20210929_092132_step_20/package_1100,0.4765622913837433,0.28491222858428955,0.8291749954223633,0.38836994767189026
/20210929_092132_step_20/package_1120,0.5201312899589539,0.267495334148407,0.8168514966964722,0.34793269634246826
/20210929_092132_step_20/package_1140,0.46906736493110657,0.21068474650382996,0.8475443124771118,0.33679091930389404
/20210929_092132_step_20/package_1160,0.4616875946521759,0.1810196340084076,0.8357893228530884,0.3037337362766266
/20210929_092132_step_20/package_1180,0.41675496101379395,0.13178332149982452,0.8277736306190491,0.23929955065250397
/20210929_092132_step_20/package_1200,0.5718607902526855,0.1266956627368927,0.7990307807922363,0.2305963933467865
/20210929_092132_step_20/package_1220,0.5599938035011292,0.125906303524971,0.7825088500976562,0.23609362542629242
/20210929_092132_step_20/package_1240,0.5759685039520264,0.1193414181470871,0.796604573726654,0.21363718807697296
/20210929_092132_step_20/package_1260,0.5667808651924133,0.12660318613052368,0.7881258726119995,0.23177549242973328
/20210929_092132_step_20/package_1280,0.5838218331336975,0.11712140589952469,0.8082405924797058,0.2071675807237625
/20210929_092132_step_20/package_1300,0.5120146870613098,0.29782813787460327,0.8024792075157166,0.433771550655365
/20210929_092132_step_20/package_1320,0.4286218285560608,0.2862464487552643,0.8042495846748352,0.41436609625816345
/20210929_092132_step_20/package_1340,0.36704114079475403,0.26510560512542725,0.7219929695129395,0.45292147994041443
/20210929_092132_step_20/package_1360,0.36078038811683655,0.27187633514404297,0.7120625972747803,0.4437185525894165
/20220719_185720_step_40/package_0,0.44950827956199646,0.3377647399902344,0.8990165591239929,0.45709165930747986
/20220719_185720_step_40/package_40,0.47981974482536316,0.311260849237442,0.932107150554657,0.4523410499095917
/20220719_185720_step_40/package_80,0.44293543696403503,0.336995005607605,0.8858708739280701,0.40482890605926514
/20220719_185720_step_40/package_120,0.44548001885414124,0.3434329926967621,0.8909600377082825,0.41058793663978577
/20220719_185720_step_40/package_160,0.4479595720767975,0.3478773236274719,0.895919144153595,0.41456401348114014
/20220719_185720_step_40/package_200,0.44398701190948486,0.34508922696113586,0.8879740238189697,0.3985552489757538
/20220719_185720_step_40/package_240,0.4474582374095917,0.3359067738056183,0.8949164748191833,0.41525253653526306
/20220719_185720_step_40/package_280,0.4456254839897156,0.34636181592941284,0.8912509679794312,0.4496358633041382
/20220719_185720_step_40/package_320,0.47643813490867615,0.3613411486148834,0.9528762698173523,0.44503098726272583
/20220719_185720_step_40/package_360,0.4288599491119385,0.35683557391166687,0.857719898223877,0.55106121301651
/20220719_185720_step_40/package_400,0.4210837781429291,0.3698725402355194,0.8421675562858582,0.6162269711494446
/20220719_185720_step_40/package_440,0.4244483709335327,0.3760440945625305,0.8488967418670654,0.6089178919792175
/20220719_185720_step_40/package_480,0.4249308109283447,0.38094455003738403,0.8498616218566895,0.6254249215126038
/20220719_185720_step_40/package_520,0.4289027750492096,0.3959331512451172,0.8578055500984192,0.6572397947311401
/20220719_185720_step_40/package_560,0.43637895584106445,0.4296822249889374,0.8727579116821289,0.6155930757522583
/20220719_185720_step_40/package_600,0.4480590522289276,0.43101248145103455,0.8961181044578552,0.6249946355819702
/20220719_185720_step_40/package_640,0.4410940706729889,0.4285925328731537,0.8821881413459778,0.6346123218536377
/20220719_185720_step_40/package_680,0.4447821378707886,0.4558132290840149,0.8895642757415771,0.6894537806510925
/20220719_185720_step_40/package_720,0.4772503674030304,0.46776750683784485,0.9545007348060608,0.6607481241226196
/20220719_185720_step_40/package_760,0.44953781366348267,0.4403265118598938,0.8990756273269653,0.6334967017173767
/20220719_185720_step_40/package_800,0.4434727430343628,0.4581110179424286,0.8869454860687256,0.6402305960655212
/20220719_185720_step_40/package_840,0.4812144935131073,0.43696504831314087,0.9624289870262146,0.6145432591438293
/20220719_185720_step_40/package_880,0.47735297679901123,0.3948723375797272,0.9364198446273804,0.5812320709228516
/20220719_185720_step_40/package_920,0.44894102215766907,0.42354869842529297,0.8978820443153381,0.5474815368652344
/20220719_185720_step_40/package_960,0.4437594413757324,0.43493127822875977,0.8875188827514648,0.567097008228302
/20220719_185720_step_40/package_1000,0.4458127021789551,0.39104634523391724,0.8916254043579102,0.5724017024040222
/20220719_185720_step_40/package_1040,0.5714074373245239,0.34888502955436707,0.8571850657463074,0.5155103206634521
/20220719_185720_step_40/package_1080,0.4478085935115814,0.3458341658115387,0.8956171870231628,0.44379934668540955
/20220719_185720_step_40/package_1120,0.47392863035202026,0.28179413080215454,0.9215777516365051,0.4130057096481323
/20220719_185720_step_40/package_1160,0.5672286152839661,0.3000289797782898,0.8333818912506104,0.4836037755012512
/20220719_185720_step_40/package_1200,0.44496363401412964,0.30761247873306274,0.8899272680282593,0.4321276545524597
/20220719_185720_step_40/package_1240,0.4428556263446808,0.3063930571079254,0.8857112526893616,0.42293938994407654
/20220719_185720_step_40/package_1280,0.4452427625656128,0.2908298671245575,0.8904855251312256,0.41235098242759705
/20220719_185720_step_40/package_1320,0.44300878047943115,0.2949141561985016,0.8860175609588623,0.4276942014694214
/20220719_185720_step_40/package_1360,0.47404736280441284,0.3385121524333954,0.9480947256088257,0.4806252717971802
/20220719_185720_step_40/package_1400,0.4448247253894806,0.34572866559028625,0.8896494507789612,0.4982529282569885
/20220719_185720_step_40/package_1440,0.5773313045501709,0.35335931181907654,0.8400189280509949,0.5311514139175415
/20220719_185720_step_40/package_1480,0.43715545535087585,0.3097911775112152,0.8743109107017517,0.4646212160587311
/20220719_185720_step_40/package_1520,0.4401489496231079,0.3358193635940552,0.8802978992462158,0.4864647090435028
/20220719_185720_step_40/package_1560,0.44067302346229553,0.3401620090007782,0.8813460469245911,0.4792981445789337
/20220719_185720_step_40/package_1600,0.4405801296234131,0.33755671977996826,0.8811602592468262,0.5106799602508545
/20220719_185720_step_40/package_1640,0.4402020275592804,0.34120216965675354,0.8804040551185608,0.49146783351898193
/20220719_185720_step_40/package_1680,0.43810927867889404,0.3389969766139984,0.8762185573577881,0.5140606164932251
/20220719_185720_step_40/package_1720,0.43957069516181946,0.34401020407676697,0.8791413903236389,0.5346186757087708
/20220719_185720_step_40/package_1760,0.4409811496734619,0.33969029784202576,0.8819622993469238,0.4991782605648041
/20220719_185720_step_40/package_1800,0.44647929072380066,0.35206547379493713,0.8929585814476013,0.47094103693962097
/20220719_185720_step_40/package_1840,0.4387871026992798,0.3393181264400482,0.8775742053985596,0.49810442328453064
/20220719_185720_step_40/package_1880,0.4364491105079651,0.3024745583534241,0.8728982210159302,0.44793885946273804
/20220719_185720_step_40/package_1920,0.6127992868423462,0.3635654151439667,0.7744013667106628,0.5607649087905884
/20220719_185720_step_40/package_1960,0.4411364793777466,0.3715354800224304,0.8822729587554932,0.5356209874153137
/20220719_185720_step_40/package_2000,0.5559519529342651,0.4342711567878723,0.8880961537361145,0.6018410325050354
/20220719_185720_step_40/package_2040,0.5200068354606628,0.3990338444709778,0.9599862694740295,0.4872617721557617
/20220719_185720_step_40/package_2080,0.43978583812713623,0.38245582580566406,0.8795716762542725,0.5201506018638611
/20220719_185720_step_40/package_2120,0.44122350215911865,0.3899748623371124,0.8824470043182373,0.5135942101478577
/20220719_185720_step_40/package_2160,0.4469667077064514,0.43406257033348083,0.8939334154129028,0.5248842835426331
/20220719_185720_step_40/package_2200,0.44312646985054016,0.3894806206226349,0.8862529397010803,0.5482164621353149
/20220719_185720_step_40/package_2240,0.44280847907066345,0.3616087734699249,0.8856169581413269,0.46550607681274414
/20220719_185720_step_40/package_2280,0.4356866478919983,0.33906257152557373,0.8713732957839966,0.4463716149330139
/20220719_185720_step_40/package_2320,0.46995213627815247,0.33687347173690796,0.9369049072265625,0.4443909227848053
/20220719_185720_step_40/package_2360,0.4330398142337799,0.3004136085510254,0.8660796284675598,0.4297315180301666
/20220719_185720_step_40/package_2400,0.4704468548297882,0.36025840044021606,0.9408937096595764,0.46647652983665466
/20220719_185720_step_40/package_2440,0.44114750623703003,0.3600188195705414,0.8822950124740601,0.4589768052101135
/20220719_185720_step_40/package_2480,0.4409770667552948,0.3758949637413025,0.8819541335105896,0.5083126425743103
/20220719_185720_step_40/package_2520,0.4380756914615631,0.3948648273944855,0.8761513829231262,0.5580653548240662
/20220719_185720_step_40/package_2560,0.44165658950805664,0.3779788315296173,0.8833131790161133,0.5023874640464783
/20220719_185720_step_40/package_2600,0.46691974997520447,0.3822053074836731,0.9279890060424805,0.5105724930763245
/20220719_185720_step_40/package_2640,0.4695826470851898,0.3767520785331726,0.9127068519592285,0.4889724850654602
/20220719_185720_step_40/package_2680,0.4695873558521271,0.35907572507858276,0.938125491142273,0.4733092188835144
/20220719_185720_step_40/package_2720,0.4645473062992096,0.3890056014060974,0.9118714928627014,0.49327200651168823
/20220719_185720_step_40/package_2760,0.5121646523475647,0.4295855164527893,0.9756706357002258,0.5452756285667419
/20220719_185720_step_40/package_2800,0.5144132375717163,0.42498651146888733,0.9711734652519226,0.5511730313301086
/20220719_185720_step_40/package_2840,0.5205631852149963,0.39698678255081177,0.9435132741928101,0.5652188658714294
/20220719_185720_step_40/package_2880,0.5600632429122925,0.3977333903312683,0.8798734545707703,0.5904432535171509
/20220719_185720_step_40/package_2920,0.5586233139038086,0.39989885687828064,0.8827534317970276,0.5909173488616943
/20220719_185720_step_40/package_2960,0.5571833252906799,0.39941057562828064,0.8856333494186401,0.6295598149299622
/20220719_185720_step_40/package_3000,0.5645421743392944,0.39098474383354187,0.8709155917167664,0.5828681588172913
/20220719_185720_step_40/package_3040,0.5938395857810974,0.3809634745121002,0.7913062572479248,0.6488763689994812
/20220719_185720_step_40/package_3080,0.5733634233474731,0.3917480707168579,0.8532731533050537,0.5791327953338623
/20220719_185720_step_40/package_3120,0.5934738516807556,0.3902159035205841,0.7826014161109924,0.6522079110145569
/20220719_185720_step_40/package_3160,0.595661461353302,0.38573330640792847,0.7810871005058289,0.650508463382721
/20220719_185720_step_40/package_3200,0.5921401381492615,0.38157305121421814,0.7950525879859924,0.6686486601829529
/20220719_185720_step_40/package_3240,0.599902868270874,0.3880259394645691,0.7738237380981445,0.6745139360427856
/20220719_185720_step_40/package_3280,0.5959843397140503,0.3923938572406769,0.7845581769943237,0.6735015511512756
/20220719_185720_step_40/package_3320,0.6066177487373352,0.3876948058605194,0.7597571611404419,0.6884950995445251
/20220719_185720_step_40/package_3360,0.5997700691223145,0.3557325005531311,0.7689518332481384,0.6313349008560181
/20220719_185720_step_40/package_3400,0.6130548119544983,0.33305129408836365,0.7450782060623169,0.5766115784645081
/20220719_185720_step_40/package_3440,0.6288853883743286,0.3436673879623413,0.7242748141288757,0.6094589829444885
/20220719_185720_step_40/package_3480,0.6280983090400696,0.3753742277622223,0.7231420874595642,0.6711962223052979
/20220719_185720_step_40/package_3520,0.6218453049659729,0.4174342155456543,0.723604142665863,0.6979638934135437
/20220719_185720_step_40/package_3560,0.5987297892570496,0.4001883268356323,0.7735298871994019,0.640856921672821
/20220719_185720_step_40/package_3600,0.6115891337394714,0.3773248493671417,0.7520377039909363,0.6589029431343079
/20220719_185720_step_40/package_3640,0.5696887373924255,0.36244359612464905,0.8606225252151489,0.4864540100097656
/20220719_185720_step_40/package_3680,0.5189434885978699,0.34470584988594055,0.962113082408905,0.47102826833724976
/20220719_185720_step_40/package_3720,0.4684985876083374,0.39518293738365173,0.9369971752166748,0.4742851257324219
/20220719_185720_step_40/package_3760,0.44051069021224976,0.39663341641426086,0.8810213804244995,0.4650868773460388
/20220719_185720_step_40/package_3800,0.4463738799095154,0.43289369344711304,0.8927477598190308,0.4801877439022064
/20220719_185720_step_40/package_3840,0.44220566749572754,0.44298121333122253,0.8844113349914551,0.5431469082832336
/20220719_185720_step_40/package_3880,0.4034340977668762,0.4290168881416321,0.8068681955337524,0.5244702696800232
/20220719_185720_step_40/package_3920,0.36481374502182007,0.40850576758384705,0.7295864820480347,0.5576794743537903
/20220719_185720_step_40/package_3960,0.3637080788612366,0.41955089569091797,0.7273930907249451,0.5800235867500305
/20220719_185720_step_40/package_4000,0.4744558036327362,0.4367617964744568,0.9326536655426025,0.49842312932014465
/20220719_185720_step_40/package_4040,0.44515788555145264,0.44150030612945557,0.8903157711029053,0.4886268079280853
/20220719_185720_step_40/package_4080,0.5129358172416687,0.43471330404281616,0.9741283655166626,0.5019848942756653
/20220719_185720_step_40/package_4120,0.5182585716247559,0.3651650846004486,0.9599627256393433,0.495455265045166
/20220719_185720_step_40/package_4160,0.5101155638694763,0.2581556439399719,0.8329808712005615,0.44484269618988037
/20220720_101342_step_40/package_0,0.7889689207077026,0.1441604495048523,0.42206212878227234,0.2883208990097046
/20220720_101342_step_40/package_40,0.7190576195716858,0.29228368401527405,0.5618848204612732,0.4595853388309479
/20220720_101342_step_40/package_80,0.31174448132514954,0.3074168860912323,0.6234889626502991,0.48335081338882446
/20220720_101342_step_40/package_120,0.315496563911438,0.3132112920284271,0.630993127822876,0.4917210638523102
/20220720_101342_step_40/package_160,0.31698232889175415,0.2992977499961853,0.6339646577835083,0.5057809948921204
/20220720_101342_step_40/package_200,0.3742302656173706,0.3022698760032654,0.7484605312347412,0.5293859839439392
/20220720_101342_step_40/package_240,0.42695173621177673,0.34068915247917175,0.8539034724235535,0.5293459296226501
/20220720_101342_step_40/package_280,0.4882473051548004,0.3821621537208557,0.8043396472930908,0.6036989688873291
/20220720_101342_step_40/package_320,0.4078157842159271,0.4302310347557068,0.7981756925582886,0.5940385460853577
/20220720_101342_step_40/package_360,0.3758312165737152,0.4245826005935669,0.7516624331474304,0.5928174257278442
/20220720_101342_step_40/package_400,0.3440849483013153,0.43705514073371887,0.6682921648025513,0.6212636232376099
/20220720_101342_step_40/package_440,0.3371520936489105,0.4655831754207611,0.6569460034370422,0.6474745273590088
/20220720_101342_step_40/package_480,0.3767769932746887,0.47050535678863525,0.7535539865493774,0.6320740580558777
/20220720_101342_step_40/package_520,0.3336544334888458,0.4623167812824249,0.6632246971130371,0.6553578972816467
/20220720_101342_step_40/package_560,0.3943937420845032,0.4090709388256073,0.7738452553749084,0.6647714376449585
/20220720_101342_step_40/package_600,0.28313618898391724,0.3513174057006836,0.5662723779678345,0.52360600233078
/20220720_101342_step_40/package_640,0.6034449934959412,0.40463462471961975,0.7809993624687195,0.5453460216522217
/20220720_101342_step_40/package_680,0.43463072180747986,0.3586505949497223,0.8692614436149597,0.48115044832229614
/20220720_101342_step_40/package_720,0.5807203054428101,0.39142754673957825,0.8385594487190247,0.5464240908622742
/20220720_101342_step_40/package_760,0.5921363830566406,0.37817761301994324,0.8157272338867188,0.4941292405128479
/20220720_101342_step_40/package_800,0.5277477502822876,0.379498690366745,0.8596778512001038,0.4900779128074646
/20220720_101342_step_40/package_840,0.5630530714988708,0.38676297664642334,0.8738938570022583,0.5045324563980103
/20220720_101342_step_40/package_880,0.36646294593811035,0.4050094187259674,0.6454055309295654,0.560265302658081
/20220720_101342_step_40/package_920,0.338418573141098,0.3989946246147156,0.6577067971229553,0.5363919734954834
/20220720_101342_step_40/package_960,0.609375,0.3657558560371399,0.78125,0.47630754113197327
/20220720_101342_step_40/package_1000,0.4547306001186371,0.3554481863975525,0.9094612002372742,0.45649611949920654
/20220720_101342_step_40/package_1040,0.4571630358695984,0.37597784399986267,0.9143260717391968,0.47004979848861694
/20220720_101342_step_40/package_1080,0.33343273401260376,0.40711215138435364,0.6668654680252075,0.5810415148735046
/20220720_101342_step_40/package_1120,0.2981424033641815,0.41395890712738037,0.596284806728363,0.5655014514923096
/20220720_101342_step_40/package_1160,0.3343186378479004,0.38492223620414734,0.6686372756958008,0.5478013753890991
/20220720_101342_step_40/package_1200,0.33202043175697327,0.35643187165260315,0.6640408635139465,0.5077357888221741
/20220720_101342_step_40/package_1240,0.32214388251304626,0.35501304268836975,0.6442877650260925,0.5161629319190979
/20220720_101342_step_40/package_1280,0.2993710935115814,0.3424032926559448,0.5987421870231628,0.49754613637924194
/20220720_101342_step_40/package_1320,0.30531105399131775,0.35322898626327515,0.6106221079826355,0.521977961063385
/20220720_101342_step_40/package_1360,0.5866188406944275,0.3560194671154022,0.8161501884460449,0.5083019137382507
/20220720_101342_step_40/package_1400,0.3098714351654053,0.43973416090011597,0.6197428703308105,0.614384114742279
/20220720_101342_step_40/package_1440,0.3277336657047272,0.4527672529220581,0.6554673314094543,0.597637414932251
/20220720_101342_step_40/package_1480,0.29722121357917786,0.41579869389533997,0.5944424271583557,0.5467127561569214
/20220720_101342_step_40/package_1520,0.3144884407520294,0.38458937406539917,0.6289768815040588,0.5318626165390015
/20220720_101342_step_40/package_1560,0.6133208274841309,0.3430185317993164,0.7733583450317383,0.48745736479759216
/20220720_101342_step_40/package_1600,0.6154874563217163,0.32432183623313904,0.7690252065658569,0.5017326474189758
/20220720_101342_step_40/package_1640,0.6131751537322998,0.3431701958179474,0.7736496925354004,0.5000630021095276
/20220720_101342_step_40/package_1680,0.299211710691452,0.39707082509994507,0.598423421382904,0.5440834164619446
/20220720_101342_step_40/package_1720,0.2893425524234772,0.4332631826400757,0.5786851048469543,0.6184452772140503
/20220720_101342_step_40/package_1760,0.2940313220024109,0.44136902689933777,0.5880626440048218,0.6248449087142944
/20220720_101342_step_40/package_1800,0.284688264131546,0.43188101053237915,0.569376528263092,0.5912962555885315
/20220720_101342_step_40/package_1840,0.3925769627094269,0.37862130999565125,0.7801651954650879,0.5141723155975342
/20220720_101342_step_40/package_1880,0.35865020751953125,0.35228362679481506,0.7173004150390625,0.5070472359657288
/20220720_101342_step_40/package_1920,0.3286520838737488,0.33184897899627686,0.6573041677474976,0.463422566652298
/20220720_101342_step_40/package_1960,0.34129518270492554,0.30347761511802673,0.6825903654098511,0.4328993260860443
/20220720_101342_step_40/package_2000,0.3570278584957123,0.2878299057483673,0.7140557169914246,0.4268855154514313
/20220720_101342_step_40/package_2040,0.3744291663169861,0.3026280105113983,0.7488583326339722,0.4264487624168396
/20220720_101342_step_40/package_2080,0.40192657709121704,0.31175386905670166,0.7994495630264282,0.42869046330451965
/20220720_101342_step_40/package_2120,0.311154305934906,0.3483857214450836,0.622308611869812,0.43904197216033936
/20220720_101342_step_40/package_2160,0.3068993389606476,0.34991124272346497,0.6137986779212952,0.4513395130634308
/20220720_101342_step_40/package_2200,0.30214929580688477,0.3566947877407074,0.6042985916137695,0.47640588879585266
/20220720_101342_step_40/package_2240,0.2788523733615875,0.35727134346961975,0.557704746723175,0.49612584710121155
/20220720_101342_step_40/package_2280,0.4235592186450958,0.3499507009983063,0.8471184372901917,0.47643783688545227
/20220720_101342_step_40/package_2320,0.39902204275131226,0.3578170835971832,0.797306478023529,0.5184696316719055
/20220720_101342_step_40/package_2360,0.43390461802482605,0.38204213976860046,0.8678092360496521,0.526909589767456
/20220720_101342_step_40/package_2400,0.4482985734939575,0.37465783953666687,0.896597146987915,0.5044030547142029
/20220720_101342_step_40/package_2440,0.4304409623146057,0.3434688448905945,0.8608819246292114,0.49986138939857483
/20220720_101342_step_40/package_2480,0.4260753393173218,0.3622117042541504,0.8521506786346436,0.4956633746623993
/20220720_101342_step_40/package_2520,0.44583240151405334,0.3748277723789215,0.8916648030281067,0.45772942900657654
/20220720_101342_step_40/package_2560,0.48160091042518616,0.35491886734962463,0.9147862792015076,0.45207154750823975
/20220720_101342_step_40/package_2600,0.4508591890335083,0.3367260992527008,0.9017183780670166,0.45117053389549255
/20220720_101342_step_40/package_2640,0.5704829096794128,0.33953770995140076,0.7916482090950012,0.4709243178367615
/20220720_101342_step_40/package_2680,0.4451587498188019,0.3442052900791168,0.8903174996376038,0.4076433777809143
/20220720_101342_step_40/package_2720,0.387857049703598,0.34794285893440247,0.775714099407196,0.47446098923683167
/20220720_101342_step_40/package_2760,0.6028428077697754,0.3689851462841034,0.7943143248558044,0.5200297832489014
/20220720_101342_step_40/package_2800,0.41650789976119995,0.34801971912384033,0.8330157995223999,0.5305551886558533
/20220720_101342_step_40/package_2840,0.436662495136261,0.3422445058822632,0.873324990272522,0.4083862900733948
/20220720_101342_step_40/package_2880,0.4389270544052124,0.33884990215301514,0.8778541088104248,0.40461722016334534
/20220720_101342_step_40/package_2920,0.44150739908218384,0.3521181643009186,0.8830147981643677,0.42758607864379883
/20220720_101342_step_40/package_2960,0.4383355975151062,0.3376880884170532,0.8766711950302124,0.4201706647872925
/20220720_101342_step_40/package_3000,0.43835559487342834,0.3294287621974945,0.8767111897468567,0.39466172456741333
/20220720_101342_step_40/package_3040,0.4419371485710144,0.3347475826740265,0.8838742971420288,0.4345828890800476
/20220720_101342_step_40/package_3080,0.44387298822402954,0.3419587016105652,0.8877459764480591,0.4502505660057068
/20220720_101342_step_40/package_3120,0.43604961037635803,0.34773799777030945,0.8720992207527161,0.4331473410129547
/20220720_101342_step_40/package_3160,0.44271135330200195,0.34243762493133545,0.8854227066040039,0.41053327918052673
/20220720_101342_step_40/package_3200,0.4670688211917877,0.3411107361316681,0.9341376423835754,0.3972403109073639
/20220720_101342_step_40/package_3240,0.4418095350265503,0.33305123448371887,0.8836190700531006,0.3828893005847931
/20220720_101342_step_40/package_3280,0.4673492908477783,0.3442562520503998,0.9176408052444458,0.43792617321014404
/20220720_101342_step_40/package_3320,0.4394688606262207,0.2991970479488373,0.8789377212524414,0.39840736985206604
/20220720_101342_step_40/package_3360,0.4395642578601837,0.30455419421195984,0.8791285157203674,0.4066200852394104
/20220720_101342_step_40/package_3400,0.46582165360450745,0.33368828892707825,0.9277233481407166,0.4479556977748871
/20220720_101342_step_40/package_3440,0.5164665579795837,0.34378674626350403,0.9365747570991516,0.44351932406425476
/20220720_101342_step_40/package_3480,0.5515852570533752,0.3433862030506134,0.8968294858932495,0.4370178282260895
/20220720_101342_step_40/package_3520,0.5123757123947144,0.3450951874256134,0.9359620809555054,0.43864327669143677
/20220720_101342_step_40/package_3560,0.5117547512054443,0.3469861149787903,0.9764904379844666,0.45214635133743286
/20220720_101342_step_40/package_3600,0.5578335523605347,0.3620993196964264,0.8843328952789307,0.48787906765937805
/20220720_101342_step_40/package_3640,0.5610909461975098,0.3470969498157501,0.8778181076049805,0.4914807677268982
/20220720_101342_step_40/package_3680,0.5801988840103149,0.3519904315471649,0.8396021723747253,0.524017333984375
/20220720_101342_step_40/package_3720,0.5963225364685059,0.34387412667274475,0.8073549866676331,0.5389654040336609
/20220720_101342_step_40/package_3760,0.6294275522232056,0.3456929624080658,0.7190438508987427,0.5634804964065552
/20220720_101342_step_40/package_3800,0.6395121216773987,0.33501026034355164,0.7209757566452026,0.5469160676002502
/20220720_101342_step_40/package_3840,0.642629861831665,0.34967294335365295,0.6886205077171326,0.5567457675933838
/20220720_101342_step_40/package_3880,0.6412062048912048,0.34358322620391846,0.6891756057739258,0.567920446395874
/20220720_101342_step_40/package_3920,0.6288089156150818,0.33437344431877136,0.7423821091651917,0.5481546521186829
/20220720_101342_step_40/package_3960,0.6291152834892273,0.3290082812309265,0.7193779349327087,0.5528311133384705
/20220720_101342_step_40/package_4000,0.6113074421882629,0.2995888888835907,0.767766535282135,0.5082341432571411
/20220720_101342_step_40/package_4040,0.5986966490745544,0.30563655495643616,0.7796900272369385,0.5253134965896606
/20220720_101342_step_40/package_4080,0.5697245597839355,0.2964569330215454,0.8605508804321289,0.48120492696762085
/20220720_101342_step_40/package_4120,0.5581480860710144,0.29112038016319275,0.8837038278579712,0.424928218126297
/20220720_101342_step_40/package_4160,0.4263837933540344,0.27456891536712646,0.8527675867080688,0.38609734177589417
/20220720_101342_step_40/package_4200,0.4658752977848053,0.27220574021339417,0.8937219381332397,0.3753606975078583
/20220720_101342_step_40/package_4240,0.44466230273246765,0.2760336697101593,0.8893246054649353,0.39026880264282227
/20220720_101342_step_40/package_4280,0.441629022359848,0.28720006346702576,0.883258044719696,0.3951196074485779
/20220720_101342_step_40/package_4320,0.615731418132782,0.30721938610076904,0.7685371041297913,0.4843178987503052
/20220720_101342_step_40/package_4360,0.521501898765564,0.29958009719848633,0.950394332408905,0.4360450208187103
/20220720_101342_step_40/package_4400,0.5231227278709412,0.30206769704818726,0.9537544846534729,0.47086411714553833
/20220720_101342_step_40/package_4440,0.4236445128917694,0.3042071461677551,0.8472890257835388,0.48444095253944397
/20220720_101342_step_40/package_4480,0.4139065146446228,0.2949959933757782,0.8163968920707703,0.5047275424003601
/20220720_101342_step_40/package_4520,0.407001793384552,0.39205217361450195,0.8024621605873108,0.607082188129425
/20220720_101342_step_40/package_4560,0.47312161326408386,0.4002828896045685,0.9359504580497742,0.5373498797416687
/20220720_101342_step_40/package_4600,0.5579404234886169,0.4229249954223633,0.8841191530227661,0.5629675388336182
/20220720_101342_step_40/package_4640,0.4716547727584839,0.3796476721763611,0.9235115647315979,0.5434667468070984
/20220724_143417_step_40/package_0,0.44200441241264343,0.618164598941803,0.8840088248252869,0.6821384429931641
/20220724_143417_step_40/package_40,0.5966142416000366,0.5211916565895081,0.8067715764045715,0.620062530040741
/20220724_143417_step_40/package_80,0.6003290414810181,0.5158800482749939,0.7993418574333191,0.5955795049667358
/20220724_143417_step_40/package_120,0.6457579135894775,0.5356085896492004,0.7084841728210449,0.5899496674537659
/20220724_143417_step_40/package_160,0.6386864185333252,0.526613175868988,0.7226271033287048,0.6202256083488464
/20220724_143417_step_40/package_200,0.6516165137290955,0.49088191986083984,0.6967669725418091,0.605538547039032
/20220724_143417_step_40/package_240,0.7399595975875854,0.48522108793258667,0.5200808048248291,0.5408250093460083
/20220724_143417_step_40/package_280,0.6292079091072083,0.5138785243034363,0.7415841817855835,0.544650137424469
/20220724_143417_step_40/package_320,0.7471725940704346,0.4763529598712921,0.5056548118591309,0.5200925469398499
/20220724_143417_step_40/package_360,0.5686334371566772,0.5245826244354248,0.8627331852912903,0.5052279233932495
/20220724_143417_step_40/package_400,0.6030922532081604,0.5306898951530457,0.7938154935836792,0.5224610567092896
/20220724_143417_step_40/package_440,0.5589037537574768,0.5153716206550598,0.8821924924850464,0.50980144739151
/20220724_143417_step_40/package_480,0.5558587312698364,0.5186613202095032,0.8882824778556824,0.49995318055152893
/20220724_143417_step_40/package_520,0.6112155318260193,0.5473405122756958,0.7742826342582703,0.5857647657394409
/20220724_143417_step_40/package_560,0.6094052195549011,0.5847161412239075,0.7788246273994446,0.6639795303344727
/20220724_143417_step_40/package_600,0.6565601229667664,0.6299282312393188,0.676399827003479,0.6796643137931824
/20220724_143417_step_40/package_640,0.6729600429534912,0.6326515674591064,0.6540799140930176,0.6707212924957275
/20220724_143417_step_40/package_680,0.6787670850753784,0.6142001748085022,0.6424658298492432,0.6747360229492188
/20220724_143417_step_40/package_720,0.613749086856842,0.5962774753570557,0.7656520009040833,0.6602122187614441
/20220724_143417_step_40/package_760,0.46142470836639404,0.5913013815879822,0.635109543800354,0.6340296268463135
/20220724_143417_step_40/package_800,0.5791480541229248,0.5981070399284363,0.8417038917541504,0.6062933802604675
/20220724_143417_step_40/package_840,0.5705588459968567,0.5737708806991577,0.8588822484016418,0.6407610774040222
/20220724_143417_step_40/package_880,0.6093829274177551,0.5487998127937317,0.7733123302459717,0.6637858152389526
/20220724_143417_step_40/package_920,0.5988427400588989,0.5410425066947937,0.7846669554710388,0.5932542085647583
/20220724_143417_step_40/package_960,0.6080307364463806,0.5689821839332581,0.7795180082321167,0.6829969882965088
/20220724_143417_step_40/package_1000,0.6194139122962952,0.6019535064697266,0.7611721754074097,0.6616539359092712
/20220724_143417_step_40/package_1040,0.6432210206985474,0.6147655248641968,0.6869750022888184,0.657250165939331
/20220724_143417_step_40/package_1080,0.6273941397666931,0.609333336353302,0.736567497253418,0.7129073739051819
/20220724_143417_step_40/package_1120,0.6646237373352051,0.5998086929321289,0.6695146560668945,0.6922982931137085
/20220724_143417_step_40/package_1160,0.6546214818954468,0.5643848776817322,0.6907569766044617,0.6776295900344849
/20220724_143417_step_40/package_1200,0.6305323243141174,0.5648350119590759,0.7389353513717651,0.668090283870697
/20220724_143417_step_40/package_1240,0.630984902381897,0.5684478282928467,0.7380301356315613,0.695755124092102
/20220724_143417_step_40/package_1280,0.6454095840454102,0.6168191432952881,0.6970069408416748,0.668135941028595
/20220724_143417_step_40/package_1320,0.6566251516342163,0.6192939877510071,0.6846654415130615,0.7322476506233215
/20220724_143417_step_40/package_1360,0.6277361512184143,0.5692784190177917,0.7445277571678162,0.6789570450782776
/20220724_143417_step_40/package_1400,0.6061379909515381,0.562209963798523,0.7812069654464722,0.6569595336914062
/20220724_143417_step_40/package_1440,0.5996273756027222,0.5658260583877563,0.8007451891899109,0.6768213510513306
/20220724_143417_step_40/package_1480,0.47296401858329773,0.5928628444671631,0.9438344240188599,0.6107373833656311
/20220724_143417_step_40/package_1520,0.4720175266265869,0.6046781539916992,0.9440350532531738,0.6390548944473267
/20220724_143417_step_40/package_1560,0.3452996611595154,0.5883877873420715,0.6905993223190308,0.6895323395729065
/20220724_143417_step_40/package_1600,0.4413856267929077,0.6003122925758362,0.8827712535858154,0.6335040330886841
/20220724_143417_step_40/package_1640,0.43852314352989197,0.5939664244651794,0.8770462870597839,0.6310980916023254
/20220724_143417_step_40/package_1680,0.3937212824821472,0.559571385383606,0.7874425649642944,0.6805813908576965
/20220724_143417_step_40/package_1720,0.39195820689201355,0.567289412021637,0.7839164137840271,0.6896640062332153
/20220724_143417_step_40/package_1760,0.39447057247161865,0.5607764720916748,0.7889411449432373,0.6914637088775635
/20220724_143417_step_40/package_1800,0.34007859230041504,0.5581281185150146,0.6564688086509705,0.6707223057746887
/20220724_143417_step_40/package_1840,0.3973718583583832,0.5461744666099548,0.7947437167167664,0.6445010900497437
/20220724_143417_step_40/package_1880,0.37480756640434265,0.5292133092880249,0.7496151328086853,0.6405828595161438
/20220724_143417_step_40/package_1920,0.3251131772994995,0.5041767954826355,0.6403903365135193,0.6158459186553955
/20220724_143417_step_40/package_1960,0.3160327970981598,0.5102564096450806,0.6320655941963196,0.6571879982948303
/20220724_143417_step_40/package_2000,0.3028813898563385,0.514626681804657,0.605762779712677,0.633353054523468
/20220724_143417_step_40/package_2040,0.3006236255168915,0.5033796429634094,0.601247251033783,0.615799605846405
/20220724_143417_step_40/package_2080,0.2972607910633087,0.47284796833992004,0.5945215821266174,0.6259922385215759
/20220724_143417_step_40/package_2120,0.3124717175960541,0.5017976760864258,0.6249434351921082,0.649206280708313
/20220724_143417_step_40/package_2160,0.5234246253967285,0.47589147090911865,0.9478022456169128,0.5678059458732605
/20220724_143417_step_40/package_2200,0.37881284952163696,0.5159642696380615,0.5259774327278137,0.5816447734832764
/20220724_143417_step_40/package_2240,0.6076274514198303,0.4604795575141907,0.7847450971603394,0.5694381594657898
/20220724_143417_step_40/package_2280,0.6297190189361572,0.4840368628501892,0.7405619621276855,0.6356565356254578
/20220724_143417_step_40/package_2320,0.5975346565246582,0.5095078349113464,0.8049306869506836,0.6281141042709351
/20220724_143417_step_40/package_2360,0.6051329374313354,0.5321017503738403,0.7896329760551453,0.6786043643951416
/20220724_143417_step_40/package_2400,0.5189351439476013,0.5342900156974792,0.9621297121047974,0.6050919890403748
/20220724_143417_step_40/package_2440,0.4461565315723419,0.546768069267273,0.8923130631446838,0.6295585036277771
/20220724_143417_step_40/package_2480,0.4421934485435486,0.5599690675735474,0.8843868970870972,0.6191818118095398
/20220724_143417_step_40/package_2520,0.29544511437416077,0.553912341594696,0.5908902287483215,0.6774893403053284
/20220724_143417_step_40/package_2560,0.306332528591156,0.5529506206512451,0.612665057182312,0.6620425581932068
/20220724_143417_step_40/package_2600,0.2979775071144104,0.5155686736106873,0.5959550142288208,0.6551744937896729
/20220724_143417_step_40/package_2640,0.6084266304969788,0.4782335162162781,0.7831466794013977,0.560086190700531
/20220724_143417_step_40/package_2680,0.3229106664657593,0.5055682063102722,0.6458213329315186,0.6391085386276245
/20220724_143417_step_40/package_2720,0.3775365352630615,0.5386544466018677,0.755073070526123,0.5893348455429077
/20220724_143417_step_40/package_2760,0.4393358528614044,0.5161370635032654,0.8786717057228088,0.5390360951423645
/20220724_143417_step_40/package_2800,0.3835393786430359,0.4978572130203247,0.7670787572860718,0.556536853313446
/20220724_143417_step_40/package_2840,0.3794628381729126,0.4724721908569336,0.7589256763458252,0.4986623227596283
/20220724_143417_step_40/package_2880,0.3366287052631378,0.4944377541542053,0.655267596244812,0.5982863903045654
/20220724_143417_step_40/package_2920,0.37939733266830444,0.5156395435333252,0.7587946653366089,0.6237527132034302
/20220724_143417_step_40/package_2960,0.3426797389984131,0.5027216076850891,0.6853594779968262,0.6147730946540833
/20220724_143417_step_40/package_3000,0.42754170298576355,0.5274844169616699,0.8550834059715271,0.5681038498878479
/20220724_143417_step_40/package_3040,0.4385360777378082,0.5431133508682251,0.8770721554756165,0.6094343662261963
/20220724_143417_step_40/package_3080,0.42777547240257263,0.5480865836143494,0.8555509448051453,0.6010148525238037
/20220724_143417_step_40/package_3120,0.4335840940475464,0.5531305074691772,0.8671681880950928,0.5700652003288269
/20220724_143417_step_40/package_3160,0.44131430983543396,0.5359728932380676,0.8826286196708679,0.5420128107070923
/20220724_143417_step_40/package_3200,0.43293988704681396,0.530234694480896,0.8658797740936279,0.5080616474151611
/20220724_143417_step_40/package_3240,0.5654972195625305,0.5308343768119812,0.7966645359992981,0.48005911707878113
/20220724_143417_step_40/package_3280,0.4761316478252411,0.5065902471542358,0.9513479471206665,0.5178931355476379
/20220724_143417_step_40/package_3320,0.4440106153488159,0.48708173632621765,0.8880212306976318,0.5324150919914246
/20220724_143417_step_40/package_3360,0.4322234094142914,0.4749041497707367,0.8644468188285828,0.5262280106544495
/20220724_143417_step_40/package_3400,0.4369397759437561,0.5187915563583374,0.8738795518875122,0.5085307955741882
/20220724_143417_step_40/package_3440,0.4284121096134186,0.5220386981964111,0.8568242192268372,0.5307186245918274
/20220724_143417_step_40/package_3480,0.4268798530101776,0.5249871611595154,0.8537597060203552,0.5354003310203552
/20220724_143417_step_40/package_3520,0.43729454278945923,0.5260002613067627,0.8745890855789185,0.5248420238494873
/20220724_143417_step_40/package_3560,0.3895823061466217,0.4974832534790039,0.7791646122932434,0.5732815861701965
/20220724_143417_step_40/package_3600,0.3969135284423828,0.5214632153511047,0.7938270568847656,0.5846437215805054
/20220724_143417_step_40/package_3640,0.4123290777206421,0.5300553441047668,0.8246581554412842,0.5884812474250793
/20220724_143417_step_40/package_3680,0.5200139880180359,0.5216490030288696,0.9599720239639282,0.5451278686523438
/20220724_143417_step_40/package_3720,0.5887615084648132,0.5195627808570862,0.8224769234657288,0.5659168362617493
/20220724_143417_step_40/package_3760,0.6573348045349121,0.4838360548019409,0.6834714412689209,0.6609494686126709
/20220724_143417_step_40/package_3800,0.6810900568962097,0.4464312791824341,0.6378198266029358,0.709366500377655
/20220724_143417_step_40/package_3840,0.6486895084381104,0.4290585219860077,0.7026210427284241,0.6047018766403198
/20220724_143417_step_40/package_3880,0.6007346510887146,0.43632209300994873,0.7985306978225708,0.5582870244979858
/20220724_143417_step_40/package_3920,0.5833052396774292,0.4685888886451721,0.8333895206451416,0.6053079962730408
/20220724_143417_step_40/package_3960,0.5184473991394043,0.5379155874252319,0.9631052017211914,0.5579847693443298
/20220724_143417_step_40/package_4000,0.4443328082561493,0.540786862373352,0.8886656165122986,0.6312882900238037
/20220724_143417_step_40/package_4040,0.43354299664497375,0.5279778242111206,0.8670859932899475,0.6619817018508911
/20220724_143417_step_40/package_4080,0.3893364369869232,0.5048364996910095,0.7786728739738464,0.6474565863609314
/20220724_143417_step_40/package_4120,0.38628262281417847,0.5285831093788147,0.7725652456283569,0.7045332789421082
/20220724_143417_step_40/package_4160,0.4416857361793518,0.5471978783607483,0.8833714723587036,0.6565208435058594
/20220724_143417_step_40/package_4200,0.44139909744262695,0.539129376411438,0.8827981948852539,0.6554384231567383
/20220724_143417_step_40/package_4240,0.39037251472473145,0.5174780488014221,0.7807450294494629,0.6927101612091064
/20220724_143417_step_40/package_4280,0.37800687551498413,0.5192136168479919,0.7560137510299683,0.6792832612991333
/20220724_143417_step_40/package_4320,0.4474581480026245,0.5409601926803589,0.894916296005249,0.6428768634796143
/20220724_143417_step_40/package_4360,0.4421148896217346,0.5492085814476013,0.8842297792434692,0.6782370209693909
/20220724_143417_step_40/package_4400,0.4445582926273346,0.5595433712005615,0.8891165852546692,0.6800412535667419
/20220724_143417_step_40/package_4440,0.605333149433136,0.5496215224266052,0.789333701133728,0.6479209661483765
/20220724_143417_step_40/package_4480,0.4445701539516449,0.6083179116249084,0.8891403079032898,0.6771479249000549
/20220724_143417_step_40/package_4520,0.604387104511261,0.5348089933395386,0.7912257313728333,0.6384745836257935
/20220724_143417_step_40/package_4560,0.3972494602203369,0.5343733429908752,0.7944989204406738,0.755385160446167
/20220724_143417_step_40/package_4600,0.2809869050979614,0.5198788046836853,0.5619738101959229,0.7084590792655945
/20220724_143417_step_40/package_4640,0.4887721836566925,0.4843960404396057,0.9104533791542053,0.6353417634963989
/20220724_143417_step_40/package_4680,0.3087235987186432,0.5326043367385864,0.6174471974372864,0.7170270085334778
/20220724_143417_step_40/package_4720,0.2847273051738739,0.5353368520736694,0.5694546103477478,0.7291240692138672
/20220724_143417_step_40/package_4760,0.3007980287075043,0.5480591058731079,0.6015960574150085,0.7492574453353882
/20220724_143417_step_40/package_4800,0.48459726572036743,0.5474580526351929,0.9691945314407349,0.624566912651062
/20220724_143417_step_40/package_4840,0.4851038455963135,0.557745099067688,0.9502080678939819,0.6649522185325623
/20220724_143417_step_40/package_4880,0.4066600501537323,0.5375593900680542,0.8067832589149475,0.6779226064682007
/20220724_143417_step_40/package_4920,0.3790663480758667,0.544209897518158,0.7581326961517334,0.6520155668258667
/20220724_143417_step_40/package_4960,0.3744150698184967,0.5493934750556946,0.7488301396369934,0.6709578037261963
/20220724_143417_step_40/package_5000,0.3705832362174988,0.5454489588737488,0.7411664724349976,0.6716659665107727
/20220724_143417_step_40/package_5040,0.3705814778804779,0.5540609955787659,0.7411629557609558,0.676338255405426
/20220724_143417_step_40/package_5080,0.3764877915382385,0.545594334602356,0.752975583076477,0.6426035761833191
/20220724_143417_step_40/package_5120,0.41605451703071594,0.5199203491210938,0.8321090340614319,0.5849065184593201
/20220724_143417_step_40/package_5160,0.41744840145111084,0.4796398878097534,0.8348968029022217,0.5480598211288452
/20220724_143417_step_40/package_5200,0.3685245215892792,0.4878219962120056,0.7370490431785583,0.6087629199028015
/20220724_143417_step_40/package_5240,0.40770038962364197,0.47332870960235596,0.8088924288749695,0.5425701141357422
/20220724_143417_step_40/package_5280,0.4084608554840088,0.4746951162815094,0.8169217109680176,0.548450767993927
/20220724_143417_step_40/package_5320,0.4014202356338501,0.46362489461898804,0.8028404712677002,0.5355446934700012
/20220724_143417_step_40/package_5360,0.3966558575630188,0.45612818002700806,0.7933117151260376,0.5264078974723816
/20220724_143417_step_40/package_5400,0.39997342228889465,0.45955947041511536,0.7940199375152588,0.5666176676750183
/20220724_143417_step_40/package_5440,0.403714120388031,0.46843528747558594,0.8029895424842834,0.5667012333869934
/20220724_143417_step_40/package_5480,0.43055853247642517,0.48995620012283325,0.8611170649528503,0.5506505966186523
/20220724_143417_step_40/package_5520,0.44655901193618774,0.523868203163147,0.8931180238723755,0.5598437190055847
/20220724_143417_step_40/package_5560,0.4711524248123169,0.556329071521759,0.8935291171073914,0.5676891207695007
/20220724_143417_step_40/package_5600,0.4329238831996918,0.5156497359275818,0.8658477663993835,0.532335638999939
/20220724_143417_step_40/package_5640,0.43821001052856445,0.5211306810379028,0.8764200210571289,0.5570334196090698
/20220724_143417_step_40/package_5680,0.4636993706226349,0.5276665091514587,0.9039292931556702,0.5422205328941345
/20220724_143417_step_40/package_5720,0.40808504819869995,0.4881385266780853,0.8161700963973999,0.6324483156204224
/20220724_143417_step_40/package_5760,0.3995327055454254,0.5271547436714172,0.7990654110908508,0.6078251004219055
/20220724_143417_step_40/package_5800,0.4213472008705139,0.5184925198554993,0.8426944017410278,0.549012303352356
/20220724_143417_step_40/package_5840,0.42197558283805847,0.5351994633674622,0.8439511656761169,0.5800150632858276
/20220724_143417_step_40/package_5880,0.39943569898605347,0.5333348512649536,0.7740246057510376,0.6569278836250305
/20220724_143417_step_40/package_5920,0.39323824644088745,0.525009036064148,0.7663930654525757,0.6030263304710388
/20220724_143417_step_40/package_5960,0.4051808714866638,0.49075624346733093,0.8101822733879089,0.5982275009155273
/20220724_143417_step_40/package_6000,0.39950695633888245,0.5114730596542358,0.7990139126777649,0.5719524025917053
/20220724_143417_step_40/package_6040,0.40341001749038696,0.5171340703964233,0.8068200349807739,0.5883795619010925
/20220724_143417_step_40/package_6080,0.4254237413406372,0.5388887524604797,0.8508474826812744,0.5725215673446655
/20220724_143417_step_40/package_6120,0.4352805018424988,0.5329676866531372,0.8705610036849976,0.5643697381019592
/20220724_143417_step_40/package_6160,0.39674660563468933,0.48948004841804504,0.7848259806632996,0.6180124282836914
/20220724_143417_step_40/package_6200,0.41913899779319763,0.5218169689178467,0.8382779955863953,0.5816705226898193
/20220724_143417_step_40/package_6240,0.4809398353099823,0.5309990048408508,0.9618796706199646,0.5470714569091797
/20220724_143417_step_40/package_6280,0.4788430631160736,0.5179464817047119,0.9576861262321472,0.546788215637207
/20220724_143417_step_40/package_6320,0.47839200496673584,0.5236005187034607,0.9567840099334717,0.5511347651481628
/20220724_143417_step_40/package_6360,0.4457437992095947,0.5168936848640442,0.8914875984191895,0.5938627123832703
/20220724_143417_step_40/package_6400,0.4741649925708771,0.4721001088619232,0.929397702217102,0.5913131237030029
/20220724_143417_step_40/package_6440,0.48018747568130493,0.45528358221054077,0.9603749513626099,0.5670341849327087
/20220724_143417_step_40/package_6480,0.47761645913124084,0.4777083992958069,0.9552329182624817,0.571671724319458
/20220724_143417_step_40/package_6520,0.47992533445358276,0.45539215207099915,0.9598506689071655,0.5340654850006104
/20220724_143417_step_40/package_6560,0.44063642621040344,0.47841206192970276,0.8812728524208069,0.5758988857269287
/20220724_143417_step_40/package_6600,0.6026989817619324,0.4633564352989197,0.7946020364761353,0.5737801194190979
/20220724_143417_step_40/package_6640,0.44135043025016785,0.47792190313339233,0.8827008605003357,0.5703259110450745
/20220724_143417_step_40/package_6680,0.4463476538658142,0.5161670446395874,0.8926953077316284,0.5894493460655212
/20220724_143417_step_40/package_6720,0.44303813576698303,0.5298840999603271,0.8860762715339661,0.6617314219474792
/20220724_143417_step_40/package_6760,0.44570112228393555,0.5224558115005493,0.8914022445678711,0.59709233045578
/20220724_143417_step_40/package_6800,0.4467760920524597,0.5135079026222229,0.8935521841049194,0.5598508715629578
/20220724_143417_step_40/package_6840,0.5119713544845581,0.4671580195426941,0.976057231426239,0.5679051280021667
/20220724_143417_step_40/package_6880,0.5146486759185791,0.47001683712005615,0.9707026481628418,0.5587098002433777
/20220724_143417_step_40/package_6920,0.6081198453903198,0.45805612206459045,0.7654416561126709,0.6506074070930481
/20220724_143417_step_40/package_6960,0.6327548027038574,0.46231523156166077,0.7231458425521851,0.6401659846305847
/20220724_143417_step_40/package_7000,0.6561376452445984,0.4610755145549774,0.6667369604110718,0.6870307922363281
/20220724_143417_step_40/package_7040,0.6636308431625366,0.48237472772598267,0.6644045114517212,0.7156769633293152
/20220724_143417_step_40/package_7080,0.648525595664978,0.4591439366340637,0.6664115786552429,0.6666622757911682
/20220724_143417_step_40/package_7120,0.6620831489562988,0.4830166697502136,0.6728272438049316,0.7646430134773254
/20220724_143417_step_40/package_7160,0.6100919246673584,0.5003882050514221,0.7716258764266968,0.7515328526496887
/20220724_143417_step_40/package_7200,0.572516143321991,0.5381211638450623,0.8549676537513733,0.7161538004875183
/20220724_143417_step_40/package_7240,0.47821497917175293,0.6047460436820984,0.9564299583435059,0.680463433265686
/20220724_143417_step_40/package_7280,0.4464225471019745,0.6072171926498413,0.892845094203949,0.6776763796806335
/20220724_143417_step_40/package_7320,0.46513083577156067,0.5524089336395264,0.9125196933746338,0.6875274181365967
/20220724_143417_step_40/package_7360,0.44213274121284485,0.5451653003692627,0.8842654824256897,0.7052858471870422
/20220724_143417_step_40/package_7400,0.44428980350494385,0.5411967635154724,0.8885796070098877,0.703591525554657
/20220724_143417_step_40/package_7440,0.48185691237449646,0.5371100902557373,0.9637138247489929,0.6696247458457947
/20220724_143417_step_40/package_7480,0.44471824169158936,0.551392138004303,0.8894364833831787,0.7391664981842041
/20220724_143417_step_40/package_7520,0.40014514327049255,0.5532078146934509,0.7805300354957581,0.75068598985672
/20220724_143417_step_40/package_7560,0.43774622678756714,0.5773624777793884,0.8754924535751343,0.7357320785522461
/20220724_143417_step_40/package_7600,0.4765222668647766,0.617701530456543,0.9411070942878723,0.658435583114624
/20220724_143417_step_40/package_7640,0.40925782918930054,0.6144843697547913,0.7974287271499634,0.7710312604904175
/20220724_143417_step_40/package_7680,0.4712955951690674,0.6157703399658203,0.9323148131370544,0.6861876845359802
